{
  "method": "FBP",
  "filter": "ramp",
  "num_samples": 128,
  "psnr_mean": 18.899980545043945,
  "psnr_std": 1.6403090953826904,
  "psnr_min": 13.310203552246094,
  "psnr_max": 24.231658935546875,
  "ssim_mean": 0.32980268315572137,
  "ssim_std": 0.08843613285945941,
  "ssim_min": 0.14242558374230518,
  "ssim_max": 0.5159500743151036,
  "nrmse_mean": 0.11552378535270691,
  "nrmse_std": 0.02215196006000042,
  "timestamp": "2025-11-18T09:55:17.009935"
}